design_credit,year,course_id,gonghak_course_id,major_id,course_category_const,pass_category
0,18,9067,,1,전문교양,인필
0,18,8364,,1,전문교양,인필
0,18,6098,,1,BSM,인필
0,18,2647,,1,BSM,인필
0,18,9912,,1,전공,인필
0,18,10352,,1,전문교양,인필
0,18,9068,,1,전문교양,인필
0,18,304,,1,BSM,인필
1,18,9913,,1,전공,인필
3,18,9914,,1,전공,인필
0,18,10354,,1,전문교양,인필
0,18,9952,,1,전공,인필
1,18,4118,,1,전공,인필
0,18,6237,,1,전공,인선
0,18,10355,,1,전문교양,인필
0,18,9955,,1,BSM,인필
0,18,9954,,1,전공,인필
0,18,3276,,1,전공,인필
1,18,9956,,1,전공,인선
0,18,9957,,1,전공,인선
0,18,5636,,1,전공,인선
1,18,1082,,1,전공,인선
0,18,9959,,1,BSM,인필
0,18,4310,,1,전공,인필
1,18,10084,,1,전공,인필
1,18,7219,,1,전공,인선
1,18,3281,,1,전공,인선
0,18,5246,,1,전공,인선
0,18,7313,,1,전공,인선
1,18,6474,,1,전공,인선
1,18,7640,,1,전공,인선
0,18,9961,,1,BSM,인필
0,18,3284,,1,전공,인필
0,18,4600,,1,전공,인선
0,18,1769,,1,전공,인선
1,18,5617,,1,전공,인선
1,18,6324,,1,전공,인선
2,18,8073,,1,전공,인선
0,18,9962,,1,전공,인선
0,18,4599,,1,전공,인선
0,18,8636,,1,전공,인선
0,18,10440,,1,전공,인선
6,18,9960,,1,전공,인필
1,18,6132,,1,전공,인선
0,18,6208,,1,전공,인선
1,18,6139,,1,전공,인선
0,18,6135,,1,전공,인선
1,18,5618,,1,전공,인선
0,18,4699,,1,전공,인선
0,18,6478,,1,전공,인선
0,18,2505,,1,전공,인선
0,18,9665,,1,전공,인선
0,18,9966,,1,전공,인선
0,18,10112,,1,전공,인선
0,18,9967,,1,전공,인선
0,18,8066,,1,전공,인선
0,18,6566,,1,전공,인선
0,18,6134,,1,전공,인선
0,18,3272,,1,전공,인선
0,18,9973,,1,전공,인선
0,19,9067,,1,전문교양,인필
0,19,10351,,1,전문교양,인필
0,19,9790,,1,전문교양,인필
0,19,6098,,1,BSM,인필
0,19,2647,,1,BSM,인필
0,19,9912,,1,전공,인필
0,19,9045,,1,전문교양,인필
0,19,10352,,1,전문교양,인필
0,19,9068,,1,전문교양,인필
0,19,304,,1,BSM,인필
1,19,9913,,1,전공,인필
3,19,9914,,1,전공,인필
0,19,10560,,1,전공,인선
0,19,9489,,1,전문교양,인필
0,19,9952,,1,전공,인필
1,19,4118,,1,전공,인필
0,19,6237,,1,전공,인선
0,19,10354,,1,전문교양,인필
0,19,9955,,1,BSM,인필
0,19,9954,,1,전공,인필
0,19,3276,,1,전공,인필
1,19,9956,,1,전공,인선
0,19,9957,,1,전공,인선
0,19,5636,,1,전공,인선
1,19,1082,,1,전공,인선
0,19,9959,,1,BSM,인필
0,19,4310,,1,전공,인필
1,19,10084,,1,전공,인선
1,19,7219,,1,전공,인선
1,19,3281,,1,전공,인선
0,19,5246,,1,전공,인선
0,19,7313,,1,전공,인선
1,19,6474,,1,전공,인선
1,19,7640,,1,전공,인선
0,19,9936,,1,전문교양,인선
0,19,9961,,1,BSM,인필
0,19,3284,,1,전공,인필
0,19,4600,,1,전공,인선
0,19,1769,,1,전공,인선
1,19,5617,,1,전공,인선
1,19,6324,,1,전공,인선
2,19,8073,,1,전공,인선
0,19,9962,,1,전공,인선
0,19,4599,,1,전공,인선
0,19,8636,,1,전공,인선
0,19,10440,,1,전공,인선
0,19,10111,,1,전공,인선
6,19,9960,,1,전공,인필
1,19,6132,,1,전공,인선
0,19,6208,,1,전공,인선
1,19,6139,,1,전공,인선
0,19,6135,,1,전공,인선
1,19,5618,,1,전공,인선
0,19,4699,,1,전공,인선
0,19,6478,,1,전공,인선
0,19,2505,,1,전공,인선
0,19,9665,,1,전공,인선
0,19,9966,,1,전공,인선
0,19,10112,,1,전공,인선
0,19,9967,,1,전공,인선
0,19,8066,,1,전공,인선
0,19,6566,,1,전공,인선
0,19,6134,,1,전공,인선
0,19,3272,,1,전공,인선
0,19,9973,,1,전공,인선
0,20,9067,,1,전문교양,인필
0,20,10351,,1,전문교양,인필
0,20,9790,,1,전문교양,인필
0,20,6098,,1,BSM,인필
0,20,2647,,1,BSM,인필
0,20,9912,,1,전공,인필
0,20,9045,,1,전문교양,인필
0,20,10352,,1,전문교양,인필
0,20,9068,,1,전문교양,인필
0,20,304,,1,BSM,인필
1,20,9913,,1,전공,인필
3,20,9914,,1,전공,인필
0,20,10560,,1,전공,인선
0,20,9489,,1,전문교양,인필
0,20,9952,,1,전공,인필
1,20,4118,,1,전공,인필
0,20,6237,,1,전공,인선
0,20,10354,,1,전문교양,인필
0,20,9955,,1,BSM,인필
0,20,9954,,1,전공,인필
0,20,3276,,1,전공,인필
1,20,9956,,1,전공,인선
0,20,9957,,1,전공,인선
0,20,5636,,1,전공,인선
1,20,1082,,1,전공,인선
0,20,9959,,1,BSM,인필
0,20,4310,,1,전공,인필
1,20,10084,,1,전공,인선
1,20,7219,,1,전공,인선
1,20,3281,,1,전공,인선
0,20,5246,,1,전공,인선
0,20,7313,,1,전공,인선
1,20,6474,,1,전공,인선
1,20,7640,,1,전공,인선
0,20,9936,,1,전문교양,인선
0,20,9961,,1,BSM,인필
0,20,3284,,1,전공,인필
0,20,4600,,1,전공,인선
0,20,1769,,1,전공,인선
1,20,5617,,1,전공,인선
1,20,6324,,1,전공,인선
2,20,8073,,1,전공,인선
0,20,9962,,1,전공,인선
0,20,4599,,1,전공,인선
0,20,8636,,1,전공,인선
0,20,10440,,1,전공,인선
0,20,10111,,1,전공,인선
6,20,9960,,1,전공,인필
1,20,6132,,1,전공,인선
0,20,6208,,1,전공,인선
1,20,6139,,1,전공,인선
0,20,6135,,1,전공,인선
1,20,5618,,1,전공,인선
0,20,4699,,1,전공,인선
0,20,6478,,1,전공,인선
0,20,2505,,1,전공,인선
0,20,9665,,1,전공,인선
0,20,9966,,1,전공,인선
0,20,10112,,1,전공,인선
0,20,9967,,1,전공,인선
0,20,8066,,1,전공,인선
0,20,6566,,1,전공,인선
0,20,6134,,1,전공,인선
0,20,3272,,1,전공,인선
0,20,9973,,1,전공,인선
0,21,9067,,1,전문교양,인필
0,21,11182,,1,전문교양,인필
0,21,8364,,1,전문교양,인필
0,21,9045,,1,전문교양,인필
0,21,9790,,1,전문교양,인필
0,21,11110,,1,전문교양,인필
0,21,6098,,1,BSM,인필
0,21,9912,,1,전공,인필
0,21,10352,,1,전문교양,인필
0,21,9068,,1,전문교양,인필
0,21,304,,1,BSM,인필
1,21,9913,,1,전공,인필
3,21,9914,,1,전공,인필
0,21,10560,,1,전공,인선
0,21,9952,,1,전공,인필
1,21,4118,,1,전공,인필
1,21,9992,,1,전공,인선
0,21,6237,,1,전공,인선
0,21,9489,,1,전문교양,인필
0,21,10354,,1,전문교양,인필
0,21,9955,,1,BSM,인필
0,21,9954,,1,전공,인필
0,21,3278,,1,전공,인필
1,21,9956,,1,전공,인선
0,21,9957,,1,전공,인선
0,21,11200,,1,전공,인선
0,21,4310,,1,전공,인필
1,21,10084,,1,전공,인선
1,21,7219,,1,전공,인선
1,21,3281,,1,전공,인선
0,21,5246,,1,전공,인선
0,21,7313,,1,전공,인선
1,21,6474,,1,전공,인선
1,21,1082,,1,전공,인선
0,21,9936,,1,전문교양,인선
0,21,3284,,1,전공,인필
0,21,4600,,1,전공,인선
0,21,1769,,1,전공,인선
1,21,5617,,1,전공,인선
1,21,6324,,1,전공,인선
0,21,2505,,1,전공,인선
2,21,8073,,1,전공,인선
0,21,9962,,1,전공,인선
0,21,4599,,1,전공,인선
0,21,8636,,1,전공,인선
0,21,10440,,1,전공,인선
0,21,10111,,1,전공,인선
6,21,9960,,1,전공,인필
1,21,6132,,1,전공,인선
1,21,6139,,1,전공,인선
0,21,6135,,1,전공,인선
1,21,5618,,1,전공,인선
0,21,6478,,1,전공,인선
0,21,6134,,1,전공,인선
0,21,9665,,1,전공,인선
0,21,9966,,1,전공,인선
0,21,10000,,1,전공,인선
0,21,10112,,1,전공,인선
0,21,9967,,1,전공,인선
0,21,6566,,1,전공,인선
0,21,3272,,1,전공,인선
0,21,9973,,1,전공,인선
0,21,6208,,1,전공,인선
0,22,9067,,1,전문교양,인필
0,22,6098,,1,BSM,인필
0,22,2647,,1,BSM,인필
0,22,9912,,1,전공,인필
0,22,11304,,1,전문교양,인필
0,22,9068,,1,전문교양,인필
0,22,304,,1,BSM,인필
1,22,9913,,1,전공,인필
3,22,9914,,1,전공,인필
0,22,10560,,1,전공,인선
0,22,9952,,1,전공,인필
1,22,4118,,1,전공,인필
1,22,9992,,1,전공,인선
0,22,6237,,1,전공,인선
0,22,11251,,1,전공,인선
0,22,9955,,1,BSM,인필
0,22,9961,,1,BSM,인필
0,22,9954,,1,전공,인필
0,22,3278,,1,전공,인필
1,22,9956,,1,전공,인선
0,22,11200,,1,전공,인선
0,22,9957,,1,전공,인선
0,22,4310,,1,전공,인필
1,22,7219,,1,전공,인선
1,22,3281,,1,전공,인선
0,22,5246,,1,전공,인선
0,22,7313,,1,전공,인선
1,22,6474,,1,전공,인선
1,22,1082,,1,전공,인선
1,22,10084,,1,전공,인선
0,22,3284,,1,전공,인필
0,22,4600,,1,전공,인선
0,22,1769,,1,전공,인선
1,22,5617,,1,전공,인선
1,22,6324,,1,전공,인선
2,22,8073,,1,전공,인선
0,22,9962,,1,전공,인선
0,22,4599,,1,전공,인선
0,22,8636,,1,전공,인선
0,22,2505,,1,전공,인선
0,22,10440,,1,전공,인선
0,22,10111,,1,전공,인선
6,22,9960,,1,전공,인필
1,22,6132,,1,전공,인선
1,22,6139,,1,전공,인선
0,22,6135,,1,전공,인선
1,22,5618,,1,전공,인선
0,22,6478,,1,전공,인선
0,22,6134,,1,전공,인선
0,22,9665,,1,전공,인선
0,22,9966,,1,전공,인선
0,22,10000,,1,전공,인선
0,22,10112,,1,전공,인선
0,22,6566,,1,전공,인선
0,22,3272,,1,전공,인선
0,22,9973,,1,전공,인선
0,22,6208,,1,전공,인선
0,22,9967,,1,전공,인선
0,23,9067,,1,전문교양,인필
0,23,6098,,1,BSM,인필
0,23,2638,,1,BSM,인필
0,23,9912,,1,전공,인필
0,23,11304,,1,전문교양,인필
0,23,9068,,1,전문교양,인필
0,23,304,,1,BSM,인필
1,23,9913,,1,전공,인필
3,23,9914,,1,전공,인필
0,23,10560,,1,전공,인선
0,23,9952,,1,전공,인필
1,23,4118,,1,전공,인필
1,23,9992,,1,전공,인선
0,23,6237,,1,전공,인선
0,23,11251,,1,전공,인선
0,23,9955,,1,BSM,인필
0,23,9961,,1,BSM,인필
0,23,9954,,1,전공,인필
0,23,3278,,1,전공,인필
1,23,9956,,1,전공,인선
0,23,11200,,1,전공,인선
0,23,9957,,1,전공,인선
0,23,4310,,1,전공,인필
1,23,7219,,1,전공,인선
1,23,3281,,1,전공,인선
0,23,5246,,1,전공,인선
0,23,7313,,1,전공,인선
1,23,6474,,1,전공,인선
1,23,1082,,1,전공,인선
1,23,10084,,1,전공,인선
0,23,3284,,1,전공,인필
0,23,4600,,1,전공,인선
0,23,1769,,1,전공,인선
1,23,5617,,1,전공,인선
1,23,6324,,1,전공,인선
2,23,8073,,1,전공,인선
0,23,9962,,1,전공,인선
0,23,4599,,1,전공,인선
0,23,8636,,1,전공,인선
0,23,2505,,1,전공,인선
0,23,10440,,1,전공,인선
6,23,9960,,1,전공,인필
0,23,10111,,1,전공,인선
1,23,6132,,1,전공,인선
1,23,6139,,1,전공,인선
0,23,6135,,1,전공,인선
1,23,5618,,1,전공,인선
0,23,6478,,1,전공,인선
0,23,6134,,1,전공,인선
0,23,9665,,1,전공,인선
0,23,9966,,1,전공,인선
0,23,10000,,1,전공,인선
0,23,10112,,1,전공,인선
0,23,6566,,1,전공,인선
0,23,3272,,1,전공,인선
0,23,9973,,1,전공,인선
0,23,6208,,1,전공,인선
0,23,9967,,1,전공,인선
0,24,9067,,1,전문교양,인필
0,24,1357,,1,BSM,인필
0,24,7330,,1,BSM,인필
0,24,9912,,1,전공,인필
0,24,11304,,1,전문교양,인필
0,24,9068,,1,전문교양,인필
0,24,304,,1,BSM,인필
0,24,1725,,1,BSM,인필
1,24,9913,,1,전공,인선
0,24,9952,,1,전공,인필
1,24,4118,,1,전공,인필
3,24,9914,,1,전공,인필
1,24,9992,,1,전공,인선
0,24,6237,,1,전공,인선
0,24,11251,,1,전공,인선
0,24,9955,,1,BSM,인필
0,24,2638,,1,BSM,인필
0,24,9954,,1,전공,인필
0,24,3278,,1,전공,인선
1,24,9956,,1,전공,인선
0,24,11200,,1,전공,인선
0,24,9957,,1,전공,인선
0,24,4310,,1,전공,인필
1,24,7219,,1,전공,인선
1,24,3281,,1,전공,인선
0,24,5246,,1,전공,인선
0,24,7313,,1,전공,인선
1,24,6474,,1,전공,인선
1,24,1082,,1,전공,인선
0,24,11771,,1,전공,인선
1,24,10084,,1,전공,인선
0,24,3284,,1,전공,인필
0,24,4600,,1,전공,인선
0,24,1769,,1,전공,인선
1,24,5617,,1,전공,인선
1,24,6324,,1,전공,인선
2,24,8073,,1,전공,인선
0,24,9962,,1,전공,인선
0,24,4599,,1,전공,인선
0,24,8636,,1,전공,인선
0,24,2505,,1,전공,인선
0,24,10440,,1,전공,인선
6,24,9960,,1,전공,인필
0,24,10111,,1,전공,인선
1,24,6132,,1,전공,인선
1,24,6139,,1,전공,인선
0,24,6135,,1,전공,인선
1,24,5618,,1,전공,인선
0,24,6478,,1,전공,인선
0,24,6134,,1,전공,인선
0,24,9665,,1,전공,인선
0,24,9966,,1,전공,인선
0,24,10000,,1,전공,인선
0,24,10112,,1,전공,인선
0,24,6566,,1,전공,인선
0,24,3272,,1,전공,인선
0,24,9973,,1,전공,인선
0,24,6208,,1,전공,인선
0,24,9967,,1,전공,인선
0,18,9067,,2,전문교양,인필
0,18,8364,,2,전문교양,인필
0,18,10140,,2,MSC,인필
0,18,9791,,2,MSC,인필
0,18,2703,,2,MSC,인필
0,18,2647,,2,MSC,인필
0,18,10352,,2,전문교양,인필
0,18,9068,,2,전문교양,인필
0,18,304,,2,MSC,인필
0,18,1725,,2,MSC,인필
0,18,3430,,2,MSC,인필
0,18,2649,,2,MSC,인필
0,18,10354,,2,전문교양,인필
0,18,9489,,2,전문교양,인필
0,18,307,,2,MSC,인필
0,18,8622,,2,MSC,인필
0,18,4114,,2,전공,인선
0,18,8621,,2,전공,인선
0,18,5611,,2,전공,인선
0,18,5246,,2,전공,인선
0,18,4111,,2,전공,인선
0,18,5130,,2,전공,인선
0,18,3276,,2,전공,인선
0,18,9658,,2,전공,인선
3,18,7620,,2,전공,인필
0,18,7453,,2,전공,인선
0,18,4474,,2,전공,인선
0,18,9649,,2,전공,인선
0,18,7806,,2,전공,인선
0,18,4600,,2,전공,인선
0,18,8626,,2,전공,인선
0,18,4268,,2,전공,인선
0,18,7235,,2,전공,인선
0,18,4475,,2,전공,인선
0,18,4699,,2,전공,인선
0,18,8076,,2,전공,인선
0,18,4829,,2,전공,인선
0,18,3284,,2,전공,인선
0,18,8086,,2,전공,인선
0,18,6294,,2,전공,인선
0,18,6132,,2,전공,인선
0,18,9648,,2,전공,인선
0,18,7722,,2,전공,인선
0,18,7720,,2,전공,인선
0,18,9659,,2,전공,인선
0,18,4596,,2,전공,인선
0,18,5618,,2,전공,인선
0,18,6139,,2,전공,인선
0,18,6559,,2,전공,인선
2,18,7721,,2,전공,인선
2,18,9650,,2,전공,인선
2,18,6935,,2,전공,인선
0,18,9654,,2,전공,인선
0,18,9660,,2,전공,인선
0,18,6562,,2,전공,인선
0,18,8624,,2,전공,인선
0,18,6558,,2,전공,인선
0,18,8627,,2,전공,인선
0,18,9655,,2,전공,인선
0,18,6557,,2,전공,인선
0,18,2505,,2,전공,인선
0,18,8279,,2,전공,인선
0,18,9661,,2,전공,인선
0,18,9666,,2,전공,인선
2,18,9662,,2,전공,인선
2,18,7585,,2,전공,인선
2,18,9663,,2,전공,인선
3,18,9947,,2,전공,인선
0,18,9664,,2,전공,인선
0,18,8095,,2,전공,인선
0,18,4304,,2,전공,인선
0,18,8612,,2,전공,인선
0,18,8608,,2,전공,인선
0,18,8079,,2,전공,인선
0,18,4698,,2,전공,인선
0,18,7463,,2,전공,인선
0,18,7284,,2,전공,인선
0,18,7588,,2,전공,인선
0,18,4830,,2,전공,인선
0,18,9665,,2,전공,인선
3,18,9948,,2,전공,인선
0,19,9067,,2,전문교양,인필
0,19,8364,,2,전문교양,인필
0,19,10140,,2,MSC,인필
0,19,9791,,2,MSC,인필
0,19,2703,,2,MSC,인필
0,19,2647,,2,MSC,인필
0,19,10352,,2,전문교양,인필
0,19,9068,,2,전문교양,인필
0,19,304,,2,MSC,인필
0,19,1725,,2,MSC,인필
0,19,3430,,2,MSC,인필
0,19,2649,,2,MSC,인필
0,19,9489,,2,전문교양,인필
0,19,307,,2,MSC,인필
0,19,8622,,2,MSC,인필
0,19,4114,,2,전공,인선
0,19,8621,,2,전공,인선
0,19,5611,,2,전공,인선
0,19,10354,,2,전문교양,인필
0,19,5246,,2,전공,인선
0,19,4111,,2,전공,인선
0,19,5130,,2,전공,인선
0,19,3276,,2,전공,인선
0,19,9658,,2,전공,인선
3,19,7620,,2,전공,인필
0,19,7453,,2,전공,인선
0,19,4474,,2,전공,인선
0,19,9649,,2,전공,인선
0,19,7806,,2,전공,인선
0,19,4600,,2,전공,인선
0,19,8626,,2,전공,인선
0,19,4268,,2,전공,인선
0,19,7235,,2,전공,인선
0,19,4475,,2,전공,인선
0,19,4699,,2,전공,인선
0,19,8076,,2,전공,인선
0,19,4829,,2,전공,인선
0,19,3284,,2,전공,인선
0,19,8086,,2,전공,인선
0,19,6294,,2,전공,인선
0,19,6132,,2,전공,인선
0,19,9648,,2,전공,인선
0,19,7722,,2,전공,인선
0,19,7720,,2,전공,인선
0,19,9659,,2,전공,인선
0,19,4596,,2,전공,인선
0,19,5618,,2,전공,인선
0,19,6139,,2,전공,인선
0,19,6559,,2,전공,인선
2,19,7721,,2,전공,인선
2,19,9650,,2,전공,인선
2,19,6935,,2,전공,인선
0,19,9654,,2,전공,인선
0,19,9660,,2,전공,인선
0,19,6562,,2,전공,인선
0,19,8624,,2,전공,인선
0,19,6558,,2,전공,인선
0,19,8627,,2,전공,인선
0,19,9655,,2,전공,인선
0,19,6557,,2,전공,인선
0,19,2505,,2,전공,인선
0,19,8279,,2,전공,인선
0,19,9661,,2,전공,인선
0,19,9666,,2,전공,인선
2,19,9662,,2,전공,인선
2,19,7585,,2,전공,인선
2,19,9663,,2,전공,인선
3,19,9947,,2,전공,인선
0,19,9664,,2,전공,인선
0,19,8095,,2,전공,인선
0,19,4304,,2,전공,인선
0,19,8612,,2,전공,인선
0,19,8608,,2,전공,인선
0,19,8079,,2,전공,인선
0,19,4698,,2,전공,인선
0,19,7463,,2,전공,인선
0,19,7284,,2,전공,인선
0,19,7588,,2,전공,인선
0,19,4830,,2,전공,인선
0,19,9665,,2,전공,인선
3,19,9948,,2,전공,인선
0,20,9067,,2,전문교양,인필
0,20,8364,,2,전문교양,인필
0,20,10140,,2,MSC,인필
0,20,9791,,2,MSC,인필
0,20,2703,,2,MSC,인필
0,20,2647,,2,MSC,인필
0,20,10352,,2,전문교양,인필
0,20,9068,,2,전문교양,인필
0,20,304,,2,MSC,인필
0,20,1725,,2,MSC,인필
0,20,3430,,2,MSC,인필
0,20,2649,,2,MSC,인필
0,20,9489,,2,전문교양,인필
0,20,307,,2,MSC,인필
0,20,8622,,2,MSC,인필
0,20,4114,,2,전공,인선
0,20,8621,,2,전공,인선
0,20,5611,,2,전공,인선
0,20,10355,,2,전문교양,인필
0,20,5246,,2,전공,인선
0,20,4111,,2,전공,인선
0,20,5130,,2,전공,인선
0,20,3276,,2,전공,인선
0,20,9658,,2,전공,인선
3,20,7620,,2,전공,인필
0,20,7453,,2,전공,인선
0,20,4474,,2,전공,인선
0,20,9649,,2,전공,인선
0,20,7806,,2,전공,인선
0,20,4600,,2,전공,인선
0,20,8626,,2,전공,인선
0,20,4268,,2,전공,인선
0,20,7235,,2,전공,인선
0,20,4475,,2,전공,인선
0,20,4699,,2,전공,인선
0,20,8076,,2,전공,인선
0,20,4829,,2,전공,인선
0,20,3284,,2,전공,인선
0,20,8086,,2,전공,인선
0,20,6294,,2,전공,인선
0,20,6132,,2,전공,인선
0,20,9648,,2,전공,인선
0,20,7722,,2,전공,인선
0,20,7720,,2,전공,인선
0,20,9659,,2,전공,인선
0,20,4596,,2,전공,인선
0,20,5618,,2,전공,인선
0,20,6139,,2,전공,인선
0,20,6559,,2,전공,인선
2,20,7721,,2,전공,인선
2,20,9650,,2,전공,인선
2,20,6935,,2,전공,인선
0,20,9654,,2,전공,인선
0,20,9660,,2,전공,인선
0,20,6562,,2,전공,인선
0,20,8624,,2,전공,인선
0,20,6558,,2,전공,인선
0,20,8627,,2,전공,인선
0,20,9655,,2,전공,인선
0,20,6557,,2,전공,인선
0,20,2505,,2,전공,인선
0,20,8279,,2,전공,인선
0,20,9661,,2,전공,인선
0,20,9666,,2,전공,인선
2,20,9662,,2,전공,인선
2,20,7585,,2,전공,인선
2,20,9663,,2,전공,인선
3,20,9947,,2,전공,인선
0,20,9664,,2,전공,인선
0,20,8095,,2,전공,인선
0,20,4304,,2,전공,인선
0,20,8612,,2,전공,인선
0,20,8608,,2,전공,인선
0,20,8079,,2,전공,인선
0,20,4698,,2,전공,인선
0,20,7463,,2,전공,인선
0,20,7284,,2,전공,인선
0,20,7588,,2,전공,인선
0,20,4830,,2,전공,인선
0,20,9665,,2,전공,인선
3,20,9948,,2,전공,인선
0,21,9067,,2,전문교양,인필
0,21,8364,,2,전문교양,인필
0,21,10140,,2,MSC,인필
0,21,9791,,2,MSC,인필
0,21,2703,,2,MSC,인필
0,21,2647,,2,MSC,인필
0,21,10352,,2,전문교양,인필
0,21,9068,,2,전문교양,인필
0,21,304,,2,MSC,인필
0,21,1725,,2,MSC,인필
0,21,3430,,2,MSC,인필
0,21,2649,,2,MSC,인필
0,21,9489,,2,전문교양,인필
0,21,307,,2,MSC,인필
0,21,8622,,2,MSC,인필
0,21,4114,,2,전공,인선
0,21,8621,,2,전공,인선
0,21,5611,,2,전공,인선
0,21,10354,,2,전문교양,인필
0,21,5246,,2,전공,인선
0,21,4111,,2,전공,인선
0,21,5130,,2,전공,인선
0,21,3276,,2,전공,인선
0,21,9658,,2,전공,인선
3,21,7620,,2,전공,인필
0,21,7453,,2,전공,인선
0,21,4474,,2,전공,인선
0,21,9649,,2,전공,인선
0,21,7806,,2,전공,인선
0,21,4600,,2,전공,인선
0,21,8626,,2,전공,인선
0,21,4268,,2,전공,인선
0,21,7235,,2,전공,인선
0,21,4475,,2,전공,인선
0,21,4699,,2,전공,인선
0,21,8076,,2,전공,인선
0,21,4829,,2,전공,인선
0,21,3284,,2,전공,인선
0,21,8086,,2,전공,인선
0,21,6294,,2,전공,인선
0,21,6132,,2,전공,인선
0,21,9648,,2,전공,인선
0,21,7722,,2,전공,인선
0,21,7720,,2,전공,인선
0,21,9659,,2,전공,인선
0,21,4596,,2,전공,인선
0,21,5618,,2,전공,인선
0,21,6139,,2,전공,인선
0,21,6559,,2,전공,인선
2,21,7721,,2,전공,인선
2,21,9650,,2,전공,인선
2,21,6935,,2,전공,인선
0,21,10111,,2,전공,인선
0,21,9654,,2,전공,인선
0,21,9660,,2,전공,인선
0,21,6562,,2,전공,인선
0,21,8624,,2,전공,인선
0,21,6558,,2,전공,인선
0,21,8627,,2,전공,인선
0,21,9655,,2,전공,인선
0,21,6557,,2,전공,인선
0,21,2505,,2,전공,인선
0,21,8279,,2,전공,인선
0,21,9661,,2,전공,인선
0,21,9666,,2,전공,인선
2,21,9662,,2,전공,인선
2,21,7585,,2,전공,인선
2,21,9663,,2,전공,인선
3,21,9947,,2,전공,인선
0,21,10112,,2,전공,인선
0,21,9664,,2,전공,인선
0,21,8095,,2,전공,인선
0,21,4304,,2,전공,인선
0,21,8612,,2,전공,인선
0,21,8608,,2,전공,인선
0,21,8079,,2,전공,인선
0,21,4698,,2,전공,인선
0,21,7463,,2,전공,인선
0,21,7284,,2,전공,인선
0,21,7588,,2,전공,인선
0,21,4830,,2,전공,인선
0,21,9665,,2,전공,인선
3,21,9948,,2,전공,인선
0,22,9067,,2,전문교양,인필
0,22,11299,,2,MSC,인필
0,22,1357,,2,MSC,인필
0,22,2638,,2,MSC,인필
0,22,1725,,2,MSC,인필
0,22,11304,,2,전문교양,인필
0,22,9068,,2,전문교양,인필
0,22,304,,2,MSC,인필
0,22,2641,,2,MSC,인필
0,22,2705,,2,MSC,인필
0,22,3430,,2,전공,인선
0,22,11320,,2,MSC,인필
0,22,307,,2,MSC,인필
0,22,8622,,2,MSC,인필
0,22,4114,,2,전공,인선
0,22,8621,,2,전공,인선
0,22,5611,,2,전공,인선
0,22,5246,,2,전공,인선
0,22,4111,,2,전공,인선
0,22,5130,,2,전공,인선
0,22,3276,,2,전공,인선
0,22,9658,,2,전공,인선
3,22,7620,,2,전공,인선
0,22,7453,,2,전공,인선
0,22,4474,,2,전공,인선
0,22,9649,,2,전공,인선
0,22,7806,,2,전공,인선
0,22,4600,,2,전공,인선
0,22,8626,,2,전공,인선
0,22,4268,,2,전공,인선
0,22,7235,,2,전공,인선
0,22,4475,,2,전공,인선
0,22,4699,,2,전공,인선
0,22,8076,,2,전공,인선
0,22,4829,,2,전공,인선
0,22,3284,,2,전공,인선
0,22,8086,,2,전공,인선
0,22,6294,,2,전공,인선
0,22,6132,,2,전공,인선
0,22,9648,,2,전공,인선
0,22,7722,,2,전공,인선
0,22,7720,,2,전공,인선
0,22,9659,,2,전공,인선
0,22,4596,,2,전공,인선
0,22,5618,,2,전공,인선
0,22,6139,,2,전공,인선
0,22,6559,,2,전공,인선
2,22,7721,,2,전공,인선
2,22,9650,,2,전공,인선
2,22,6935,,2,전공,인선
0,22,10111,,2,전공,인선
0,22,9654,,2,전공,인선
0,22,9660,,2,전공,인선
0,22,6562,,2,전공,인선
0,22,8624,,2,전공,인선
0,22,6558,,2,전공,인선
0,22,8627,,2,전공,인선
0,22,9655,,2,전공,인선
0,22,6557,,2,전공,인선
0,22,2505,,2,전공,인선
0,22,8279,,2,전공,인선
0,22,9661,,2,전공,인선
0,22,9666,,2,전공,인선
2,22,9662,,2,전공,인선
2,22,7585,,2,전공,인선
2,22,9663,,2,전공,인선
3,22,9947,,2,전공,인선
0,22,10112,,2,전공,인선
0,22,9664,,2,전공,인선
0,22,8095,,2,전공,인선
0,22,4304,,2,전공,인선
0,22,8612,,2,전공,인선
0,22,8608,,2,전공,인선
0,22,8079,,2,전공,인선
0,22,4698,,2,전공,인선
0,22,7463,,2,전공,인선
0,22,7284,,2,전공,인선
0,22,7588,,2,전공,인선
0,22,4830,,2,전공,인선
0,22,9665,,2,전공,인선
3,22,9948,,2,전공,인선
0,23,9067,,2,전문교양,인필
0,23,11299,,2,MSC,인필
0,23,1357,,2,MSC,인필
0,23,2638,,2,MSC,인필
0,23,1725,,2,MSC,인필
0,23,11304,,2,전문교양,인필
0,23,9068,,2,전문교양,인필
0,23,304,,2,MSC,인필
0,23,2641,,2,MSC,인필
0,23,2705,,2,MSC,인필
0,23,3430,,2,전공,인선
0,23,11320,,2,MSC,인필
0,23,307,,2,MSC,인필
0,23,8622,,2,MSC,인필
0,23,4114,,2,전공,인선
0,23,8621,,2,전공,인선
0,23,5611,,2,전공,인선
0,23,5246,,2,전공,인선
0,23,4111,,2,전공,인선
0,23,5130,,2,전공,인선
0,23,3276,,2,전공,인선
0,23,9658,,2,전공,인선
3,23,7620,,2,전공,인필
0,23,7453,,2,전공,인선
0,23,4474,,2,전공,인선
0,23,9649,,2,전공,인선
0,23,7806,,2,전공,인선
0,23,4600,,2,전공,인선
0,23,8626,,2,전공,인선
0,23,4268,,2,전공,인선
0,23,7235,,2,전공,인선
0,23,4475,,2,전공,인선
0,23,4699,,2,전공,인선
0,23,8076,,2,전공,인선
0,23,4829,,2,전공,인선
0,23,3284,,2,전공,인선
0,23,8086,,2,전공,인선
0,23,6294,,2,전공,인선
0,23,6132,,2,전공,인선
0,23,9648,,2,전공,인선
0,23,7722,,2,전공,인선
0,23,7720,,2,전공,인선
0,23,9659,,2,전공,인선
0,23,4596,,2,전공,인선
0,23,5618,,2,전공,인선
0,23,6139,,2,전공,인선
0,23,6559,,2,전공,인선
2,23,7721,,2,전공,인선
2,23,9650,,2,전공,인선
2,23,6935,,2,전공,인선
0,23,10111,,2,전공,인선
0,23,9654,,2,전공,인선
0,23,9660,,2,전공,인선
0,23,6562,,2,전공,인선
0,23,8624,,2,전공,인선
0,23,6558,,2,전공,인선
0,23,8627,,2,전공,인선
0,23,9655,,2,전공,인선
0,23,6557,,2,전공,인선
0,23,2505,,2,전공,인선
0,23,8279,,2,전공,인선
0,23,9661,,2,전공,인선
0,23,9666,,2,전공,인선
2,23,9662,,2,전공,인선
2,23,7585,,2,전공,인선
2,23,9663,,2,전공,인선
3,23,9947,,2,전공,인선
0,23,10112,,2,전공,인선
0,23,9664,,2,전공,인선
0,23,8095,,2,전공,인선
0,23,4304,,2,전공,인선
0,23,8612,,2,전공,인선
0,23,8608,,2,전공,인선
0,23,8079,,2,전공,인선
0,23,4698,,2,전공,인선
0,23,7463,,2,전공,인선
0,23,7284,,2,전공,인선
0,23,7588,,2,전공,인선
0,23,4830,,2,전공,인선
0,23,9665,,2,전공,인선
3,23,9948,,2,전공,인선
0,24,9067,,2,전문교양,인필
0,24,11300,,2,MSC,인필
0,24,1357,,2,MSC,인필
0,24,7330,,2,MSC,인필
0,24,9912,,2,MSC,인필
0,24,11304,,2,전문교양,인필
0,24,9068,,2,전문교양,인필
0,24,304,,2,MSC,인필
0,24,11320,,2,MSC,인필
0,24,9913,,2,MSC,인필
0,24,1725,,2,MSC,인필
0,24,307,,2,전공,인선
0,24,4268,,2,전공,인선
0,24,4114,,2,전공,인선
0,24,8621,,2,전공,인선
0,24,5611,,2,전공,인선
0,24,5246,,2,전공,인선
0,24,4111,,2,전공,인선
0,24,3276,,2,전공,인선
0,24,9658,,2,전공,인선
0,24,9648,,2,전공,인선
3,24,7620,,2,전공,인필
0,24,7453,,2,전공,인선
0,24,4474,,2,전공,인선
0,24,9649,,2,전공,인선
0,24,4600,,2,전공,인선
0,24,2505,,2,전공,인선
0,24,4699,,2,전공,인선
0,24,7235,,2,전공,인선
0,24,4475,,2,전공,인선
0,24,6559,,2,전공,인선
0,24,8076,,2,전공,인선
0,24,4829,,2,전공,인선
0,24,3284,,2,전공,인선
0,24,8086,,2,전공,인선
0,24,6294,,2,전공,인선
0,24,6132,,2,전공,인선
0,24,7722,,2,전공,인선
0,24,7720,,2,전공,인선
0,24,9659,,2,전공,인선
0,24,6139,,2,전공,인선
2,24,9650,,2,전공,인선
2,24,6935,,2,전공,인선
0,24,10111,,2,전공,인선
0,24,9654,,2,전공,인선
0,24,6562,,2,전공,인선
0,24,6558,,2,전공,인선
0,24,9655,,2,전공,인선
0,24,9666,,2,전공,인선
2,24,9662,,2,전공,인선
2,24,7585,,2,전공,인선
2,24,9663,,2,전공,인선
3,24,9947,,2,전공,인선
0,24,10112,,2,전공,인선
0,24,9664,,2,전공,인선
0,24,8608,,2,전공,인선
0,24,7463,,2,전공,인선
0,24,7284,,2,전공,인선
0,24,4830,,2,전공,인선
3,24,9948,,2,전공,인선
0,18,9067,,3,전문교양,인필
0,18,10206,,3,BSM,인필
0,18,9912,,3,전공,인필
0,18,10352,,3,전문교양,인필
0,18,9068,,3,전문교양,인필
0,18,304,,3,BSM,인필
0,18,9913,,3,전공,인필
0,18,10354,,3,전문교양,인필
1,18,9952,,3,전공,인필
1,18,9992,,3,전공,인필
0,18,9955,,3,전공,인필
0,18,5619,,3,전공,인선
0,18,5636,,3,전공,인선
0,18,10355,,3,전문교양,인필
0,18,3353,,3,BSM,인필
3,18,9993,,3,전공,인필
0,18,3278,,3,전공,인필
0,18,9954,,3,전공,인필
1,18,9956,,3,전공,인선
0,18,9961,,3,전공,인필
0,18,7219,,3,전공,인필
0,18,4310,,3,전공,인필
0,18,3281,,3,전공,인선
0,18,8066,,3,전공,인선
0,18,9957,,3,전공,인선
6,18,9960,,3,전공,인필
1,18,10084,,3,전공,인선
0,18,3284,,3,전공,인선
0,18,6143,,3,전공,인선
0,18,5910,,3,전공,인선
0,18,9996,,3,전공,인선
0,18,10111,,3,전공,인선
1,18,6208,,3,전공,인선
1,18,2505,,3,전공,인선
0,18,9665,,3,전공,인선
0,18,6132,,3,전공,인선
0,18,9966,,3,전공,인선
0,18,10112,,3,전공,인선
1,18,6134,,3,전공,인선
1,18,6566,,3,전공,인선
0,18,10000,,3,전공,인선
0,18,10001,,3,전공,인선
0,18,9973,,3,전공,인선
0,18,9967,,3,전공,인선
0,19,9067,,3,전문교양,인필
0,19,10351,,3,전문교양,인필
0,19,8364,,3,전문교양,인필
0,19,6098,,3,BSM,인필
0,19,9912,,3,전공,인필
0,19,10352,,3,전문교양,인필
0,19,9068,,3,전문교양,인필
0,19,304,,3,BSM,인필
0,19,9913,,3,전공,인필
0,19,10560,,3,전공,인선
0,19,9952,,3,전공,인필
0,19,9992,,3,전공,인필
0,19,10206,,3,전공,인필
0,19,9955,,3,전공,인필
0,19,5619,,3,전공,인선
0,19,5636,,3,전공,인선
0,19,10354,,3,전문교양,인필
0,19,3353,,3,BSM,인필
3,19,9993,,3,전공,인필
0,19,3278,,3,전공,인필
1,19,9954,,3,전공,인필
1,19,9956,,3,전공,인선
0,19,9961,,3,전공,인필
1,19,7219,,3,전공,인필
1,19,4310,,3,전공,인필
1,19,3281,,3,전공,인선
0,19,8066,,3,전공,인선
1,19,9957,,3,전공,인선
6,19,9960,,3,전공,인필
1,19,10084,,3,전공,인선
0,19,3284,,3,전공,인선
0,19,6143,,3,전공,인선
0,19,5910,,3,전공,인선
0,19,9996,,3,전공,인선
0,19,10111,,3,전공,인선
1,19,6208,,3,전공,인선
1,19,2505,,3,전공,인선
0,19,9665,,3,전공,인선
0,19,6132,,3,전공,인선
0,19,9966,,3,전공,인선
0,19,10112,,3,전공,인선
1,19,6134,,3,전공,인선
1,19,6566,,3,전공,인선
0,19,10000,,3,전공,인선
0,19,10001,,3,전공,인선
0,19,9973,,3,전공,인선
0,19,9967,,3,전공,인선
0,20,9067,,3,전문교양,인필
0,20,10351,,3,전문교양,인필
0,20,8364,,3,전문교양,인필
0,20,9790,,3,전문교양,인필
0,20,6098,,3,BSM,인필
0,20,9912,,3,전공,인필
0,20,10352,,3,전문교양,인필
0,20,9068,,3,전문교양,인필
0,20,304,,3,BSM,인필
0,20,9913,,3,전공,인필
0,20,10560,,3,전공,인선
0,20,9952,,3,전공,인필
0,20,9489,,3,전문교양,인필
0,20,9992,,3,전공,인필
0,20,10206,,3,전공,인필
0,20,9955,,3,전공,인필
0,20,5619,,3,전공,인선
0,20,5636,,3,전공,인선
0,20,10354,,3,전문교양,인필
0,20,3353,,3,BSM,인필
3,20,9993,,3,전공,인필
0,20,3278,,3,전공,인필
1,20,9954,,3,전공,인필
1,20,9956,,3,전공,인선
0,20,9961,,3,전공,인필
0,20,9936,,3,전문교양,인선
1,20,7219,,3,전공,인필
1,20,9957,,3,전공,인필
1,20,4310,,3,전공,인필
1,20,3281,,3,전공,인선
0,20,8066,,3,전공,인선
6,20,9960,,3,전공,인필
1,20,10084,,3,전공,인선
0,20,3284,,3,전공,인선
0,20,6143,,3,전공,인선
0,20,5910,,3,전공,인선
0,20,9996,,3,전공,인선
0,20,10111,,3,전공,인선
1,20,6208,,3,전공,인선
1,20,2505,,3,전공,인선
0,20,9665,,3,전공,인선
0,20,6132,,3,전공,인선
0,20,9966,,3,전공,인선
0,20,10112,,3,전공,인선
1,20,6134,,3,전공,인선
1,20,6566,,3,전공,인선
0,20,10000,,3,전공,인선
0,20,10001,,3,전공,인선
0,20,9973,,3,전공,인선
0,20,9967,,3,전공,인선
0,21,9067,,3,전문교양,인필
0,21,11110,,3,전문교양,인선
0,21,8364,,3,전문교양,인선
0,21,9790,,3,전문교양,인선
0,21,6098,,3,BSM,인필
0,21,9912,,3,전공,인필
0,21,10352,,3,전문교양,인필
0,21,11182,,3,전문교양,인필
0,21,9068,,3,전문교양,인필
0,21,304,,3,BSM,인필
0,21,9913,,3,전공,인필
0,21,10560,,3,전공,인선
0,21,9952,,3,전공,인필
0,21,9489,,3,전문교양,인필
0,21,9992,,3,전공,인필
0,21,10206,,3,전공,인필
0,21,5619,,3,전공,인선
0,21,6237,,3,전공,인선
0,21,10354,,3,전문교양,인필
0,21,3353,,3,BSM,인필
3,21,9993,,3,전공,인필
0,21,3278,,3,전공,인필
1,21,9954,,3,전공,인필
1,21,9956,,3,전공,인선
0,21,9961,,3,전공,인필
0,21,9955,,3,전공,인필
0,21,11200,,3,전공,인선
0,21,9936,,3,전문교양,인선
1,21,7219,,3,전공,인필
1,21,9957,,3,전공,인필
1,21,4310,,3,전공,인필
1,21,10084,,3,전공,인선
0,21,3284,,3,전공,인선
1,21,3281,,3,전공,인선
0,21,11175,,3,전공,인선
0,21,1769,,3,전공,인선
0,21,5910,,3,전공,인선
6,21,9960,,3,전공,인필
0,21,10111,,3,전공,인선
1,21,6208,,3,전공,인선
0,21,10000,,3,전공,인선
0,21,9665,,3,전공,인선
0,21,6132,,3,전공,인선
0,21,9966,,3,전공,인선
0,21,10112,,3,전공,인선
1,21,6134,,3,전공,인선
1,21,6566,,3,전공,인선
0,21,2505,,3,전공,인선
0,21,10001,,3,전공,인선
0,21,9973,,3,전공,인선
0,21,9967,,3,전공,인선
0,22,9067,,3,전문교양,인필
0,22,6098,,3,BSM,인필
0,22,9912,,3,전공,인필
0,22,11304,,3,전문교양,인필
0,22,9068,,3,전문교양,인필
0,22,304,,3,BSM,인필
0,22,9913,,3,전공,인필
0,22,10560,,3,전공,인선
0,22,9952,,3,전공,인필
0,22,9992,,3,전공,인필
0,22,10206,,3,전공,인필
0,22,5619,,3,전공,인선
0,22,6237,,3,전공,인선
0,22,3353,,3,BSM,인필
3,22,9993,,3,전공,인필
0,22,3278,,3,전공,인필
1,22,9954,,3,전공,인필
1,22,9956,,3,전공,인선
0,22,9961,,3,전공,인필
0,22,9955,,3,전공,인필
0,22,11200,,3,전공,인선
1,22,7219,,3,전공,인필
1,22,9957,,3,전공,인필
1,22,4310,,3,전공,인필
1,22,10084,,3,전공,인선
0,22,3284,,3,전공,인선
1,22,3281,,3,전공,인선
0,22,11175,,3,전공,인선
0,22,1769,,3,전공,인선
0,22,5910,,3,전공,인선
6,22,9960,,3,전공,인필
0,22,10111,,3,전공,인선
1,22,6208,,3,전공,인선
0,22,10000,,3,전공,인선
0,22,9665,,3,전공,인선
0,22,6132,,3,전공,인선
0,22,9966,,3,전공,인선
0,22,10112,,3,전공,인선
1,22,6134,,3,전공,인선
1,22,6566,,3,전공,인선
1,22,2505,,3,전공,인선
0,22,10001,,3,전공,인선
0,22,6294,,3,전공,인선
0,22,9973,,3,전공,인선
0,22,9967,,3,전공,인선
0,23,9067,,3,전문교양,인필
0,23,6098,,3,BSM,인필
0,23,9912,,3,전공,인필
0,23,11304,,3,전문교양,인필
0,23,9068,,3,전문교양,인필
0,23,304,,3,BSM,인필
0,23,9913,,3,전공,인필
0,23,10560,,3,전공,인선
0,23,9952,,3,전공,인필
0,23,9992,,3,전공,인필
0,23,10206,,3,전공,인필
0,23,5619,,3,전공,인선
0,23,6237,,3,전공,인선
0,23,3353,,3,BSM,인필
3,23,9993,,3,전공,인필
0,23,3278,,3,전공,인필
1,23,9954,,3,전공,인필
1,23,9956,,3,전공,인선
0,23,9961,,3,전공,인필
0,23,9955,,3,전공,인필
0,23,11200,,3,전공,인선
1,23,7219,,3,전공,인필
1,23,9957,,3,전공,인필
1,23,4310,,3,전공,인필
1,23,10084,,3,전공,인선
0,23,3284,,3,전공,인선
1,23,3281,,3,전공,인선
0,23,11175,,3,전공,인선
0,23,1769,,3,전공,인선
0,23,5910,,3,전공,인선
6,23,9960,,3,전공,인필
0,23,10111,,3,전공,인선
1,23,6208,,3,전공,인선
0,23,10000,,3,전공,인선
0,23,9665,,3,전공,인선
0,23,6132,,3,전공,인선
0,23,9966,,3,전공,인선
0,23,10112,,3,전공,인선
1,23,6134,,3,전공,인선
1,23,6566,,3,전공,인선
1,23,2505,,3,전공,인선
0,23,10001,,3,전공,인선
0,23,6294,,3,전공,인선
0,23,9973,,3,전공,인선
0,23,9967,,3,전공,인선
0,24,9067,,3,전문교양,인필
0,24,1357,,3,BSM,인필
0,24,9912,,3,전공,인필
0,24,7330,,3,전공,인선
0,24,11304,,3,전문교양,인필
0,24,9068,,3,전문교양,인필
0,24,304,,3,전공,인필
0,24,9913,,3,전공,인필
0,24,1725,,3,전공,인선
0,24,9952,,3,전공,인필
0,24,9992,,3,전공,인필
0,24,10206,,3,전공,인필
0,24,5619,,3,전공,인선
0,24,6237,,3,전공,인선
0,24,3353,,3,전공,인필
3,24,9993,,3,전공,인필
0,24,3278,,3,전공,인필
1,24,9954,,3,전공,인필
1,24,9956,,3,전공,인선
0,24,10560,,3,전공,인선
0,24,9955,,3,전공,인필
0,24,11200,,3,전공,인선
1,24,7219,,3,전공,인필
1,24,9957,,3,전공,인필
1,24,4310,,3,전공,인필
1,24,10084,,3,전공,인선
0,24,3284,,3,전공,인선
1,24,3281,,3,전공,인선
0,24,11175,,3,전공,인선
0,24,1769,,3,전공,인선
0,24,5910,,3,전공,인선
6,24,9960,,3,전공,인필
0,24,10111,,3,전공,인선
1,24,6208,,3,전공,인선
0,24,10000,,3,전공,인선
0,24,9665,,3,전공,인선
0,24,6132,,3,전공,인선
0,24,9966,,3,전공,인선
0,24,10112,,3,전공,인선
1,24,6134,,3,전공,인선
1,24,6566,,3,전공,인선
0,24,2505,,3,전공,인선
0,24,10001,,3,전공,인선
0,24,9973,,3,전공,인선
0,24,9967,,3,전공,인선
0,18,9067,,4,전문교양,인필
0,18,10352,,4,전문교양,인필
0,18,9068,,4,전문교양,인필
0,18,8364,,4,전문교양,인필
0,18,304,,4,BSM,BS
0,18,9790,,4,전문교양,인선
1,18,9913,,4,전공,인필
0,18,10140,,4,BSM,BS
3,18,9914,,4,전공,인필
0,18,2647,,4,BSM,BS
0,18,9912,,4,전공,인필
0,18,10354,,4,전문교양,인필
0,18,10355,,4,전문교양,인필
0,18,9952,,4,전공,인필
0,18,9489,,4,전문교양,인선
0,18,10142,,4,전공,인필
0,18,9954,,4,전공,인필
1,18,4118,,4,전공,인선
0,18,3276,,4,전공,인필
0,18,9959,,4,BSM,BS
1,18,9956,,4,전공,인선
1,18,9992,,4,전공,인선
0,18,6237,,4,전공,인선
0,18,9936,,4,전문교양,인필
0,18,4310,,4,전공,인필
0,18,10000,,4,전공,인필
0,18,9957,,4,전공,인필
0,18,9961,,4,BSM,BS
1,18,7219,,4,전공,인선
0,18,10143,,4,전공,인선
1,18,3281,,4,전공,인선
1,18,5617,,4,전공,인선
0,18,7188,,4,전공,인선
0,18,10145,,4,전공,인선
6,18,9960,,4,전공,인필
0,18,10111,,4,전공,인선
0,18,9967,,4,전공,인선
0,18,10148,,4,전공,인선
1,18,10146,,4,전공,인선
0,19,9067,,4,전문교양,인필
0,19,10352,,4,전문교양,인필
0,19,9068,,4,전문교양,인필
0,19,8364,,4,전문교양,인필
0,19,304,,4,BSM,인필
0,19,9790,,4,전문교양,인선
0,19,3353,,4,BSM,인필
0,19,10140,,4,BSM,인필
1,19,9913,,4,전공,인필
0,19,2647,,4,BSM,인필
3,19,9914,,4,전공,인필
0,19,9912,,4,전공,인필
0,19,10560,,4,전공,인선
0,19,9952,,4,전공,인필
0,19,10354,,4,전문교양,인필
1,19,10142,,4,전공,인필
0,19,9489,,4,전문교양,인선
0,19,9959,,4,전공,인선
0,19,9954,,4,전공,인필
1,19,9992,,4,전공,인선
0,19,3278,,4,전공,인필
0,19,6237,,4,전공,인선
0,19,9961,,4,BSM,인필
1,19,9956,,4,전공,인선
0,19,9936,,4,전문교양,인필
0,19,4310,,4,전공,인필
0,19,9957,,4,전공,인필
1,19,10000,,4,전공,인필
1,19,7219,,4,전공,인선
0,19,10143,,4,전공,인선
1,19,3281,,4,전공,인선
1,19,10145,,4,전공,인선
0,19,10563,,4,전공,인선
6,19,9960,,4,전공,인필
0,19,10112,,4,전공,인선
0,19,10111,,4,전공,인선
0,19,10568,,4,전공,인선
0,19,9967,,4,전공,인선
0,19,10148,,4,전공,인선
0,19,10570,,4,전공,인선
0,19,10566,,4,전공,인선
0,19,9030,,4,전공,인선
0,19,10146,,4,전공,인선
0,19,10564,,4,전공,인선
0,20,9067,,4,전문교양,인필
0,20,10352,,4,전문교양,인필
0,20,9068,,4,전문교양,인필
0,20,8364,,4,전문교양,인필
0,20,304,,4,BSM,인필
0,20,9790,,4,전문교양,인선
0,20,3353,,4,BSM,인필
0,20,10140,,4,BSM,인필
1,20,9913,,4,전공,인필
0,20,2647,,4,BSM,인필
0,20,9912,,4,전공,인필
0,20,10560,,4,전공,인선
0,20,9952,,4,전공,인필
0,20,10354,,4,전문교양,인필
1,20,10142,,4,전공,인필
0,20,9489,,4,전문교양,인선
0,20,9959,,4,전공,인선
0,20,9954,,4,전공,인필
1,20,9992,,4,전공,인선
0,20,3278,,4,전공,인필
0,20,6237,,4,전공,인선
0,20,9961,,4,BSM,인필
1,20,9956,,4,전공,인선
0,20,9936,,4,전문교양,인필
0,20,4310,,4,전공,인필
0,20,9957,,4,전공,인필
1,20,10000,,4,전공,인필
1,20,7219,,4,전공,인선
0,20,10143,,4,전공,인선
1,20,3281,,4,전공,인선
1,20,10145,,4,전공,인선
0,20,10563,,4,전공,인선
6,20,9960,,4,전공,인필
0,20,10112,,4,전공,인선
0,20,10111,,4,전공,인선
0,20,10568,,4,전공,인선
0,20,9967,,4,전공,인선
0,20,10148,,4,전공,인선
0,20,10570,,4,전공,인선
0,20,10566,,4,전공,인선
0,20,9030,,4,전공,인선
0,20,10146,,4,전공,인선
0,20,10564,,4,전공,인선
0,21,9067,,4,전문교양,인필
0,21,10352,,4,전문교양,인필
0,21,8364,,4,전문교양,인선
0,21,9068,,4,전문교양,인필
0,21,11110,,4,전문교양,인필
0,21,11182,,4,전문교양,인필
0,21,9045,,4,전문교양,인필
0,21,9790,,4,전문교양,인선
0,21,9912,,4,전공,인필
1,21,9913,,4,전공,인필
3,21,9914,,4,전공,인필
0,21,9952,,4,전공,인필
0,21,10354,,4,전문교양,인필
0,21,10142,,4,전공,인필
0,21,9489,,4,전문교양,인선
0,21,9959,,4,전공,인선
0,21,9954,,4,전공,인필
1,21,9992,,4,전공,인선
0,21,3278,,4,전공,인필
0,21,6237,,4,전공,인선
1,21,9956,,4,전공,인선
0,21,5636,,4,전공,인선
0,21,11183,,4,전문교양,인필
0,21,4310,,4,전공,인필
0,21,9957,,4,전공,인필
1,21,10000,,4,전공,인필
0,21,2505,,4,전공,인선
1,21,7219,,4,전공,인선
0,21,10143,,4,전공,인선
1,21,3281,,4,전공,인선
1,21,10145,,4,전공,인선
0,21,10563,,4,전공,인선
6,21,9960,,4,전공,인필
0,21,10112,,4,전공,인선
0,21,10111,,4,전공,인선
0,21,10568,,4,전공,인선
0,21,10564,,4,전공,인선
0,21,9967,,4,전공,인선
0,21,10148,,4,전공,인선
0,21,10570,,4,전공,인선
0,21,10566,,4,전공,인선
0,21,10146,,4,전공,인선
0,22,9067,,4,전문교양,인필
0,22,1357,,4,BSM,인필
0,22,2638,,4,BSM,인필
0,22,9912,,4,전공,인필
0,22,9068,,4,전문교양,인필
0,22,11304,,4,전문교양,인필
0,22,3353,,4,BSM,인필
0,22,304,,4,BSM,인필
1,22,9913,,4,전공,인필
3,22,9914,,4,전공,인필
0,22,9952,,4,전공,인필
0,22,10142,,4,전공,인필
0,22,9959,,4,전공,인선
0,22,6237,,4,전공,인선
0,22,3278,,4,전공,인필
0,22,9954,,4,전공,인필
0,22,9961,,4,BSM,인필
1,22,9956,,4,전공,인선
0,22,5636,,4,전공,인선
1,22,11199,,4,전공,인필
1,22,7219,,4,전공,인필
1,22,3281,,4,전공,인선
0,22,4310,,4,전공,인선
0,22,10563,,4,전공,인선
1,22,10145,,4,전공,인선
0,22,9957,,4,전공,인필
0,22,2505,,4,전공,인선
0,22,10143,,4,전공,인선
6,22,9960,,4,전공,인필
0,22,10111,,4,전공,인선
0,22,10564,,4,전공,인선
0,22,10148,,4,전공,인선
0,22,10566,,4,전공,인선
0,22,7188,,4,전공,인선
0,22,11201,,4,전공,인선
0,22,10570,,4,전공,인선
0,22,9967,,4,전공,인선
0,22,10568,,4,전공,인선
0,22,10146,,4,전공,인선
0,22,10112,,4,전공,인선
0,23,9067,,4,전문교양,인필
0,23,1357,,4,BSM,인필
0,23,2638,,4,BSM,인필
0,23,9912,,4,전공,인필
0,23,9068,,4,전문교양,인필
0,23,11304,,4,전문교양,인필
0,23,3353,,4,BSM,인필
0,23,304,,4,BSM,인필
1,23,9913,,4,전공,인필
3,23,9914,,4,전공,인필
0,23,9952,,4,전공,인필
0,23,10142,,4,전공,인필
0,23,9959,,4,전공,인선
0,23,6237,,4,전공,인선
0,23,3278,,4,전공,인필
0,23,9954,,4,전공,인필
0,23,9961,,4,BSM,인필
1,23,9956,,4,전공,인선
0,23,5636,,4,전공,인선
1,23,11199,,4,전공,인필
1,23,7219,,4,전공,인필
1,23,3281,,4,전공,인선
0,23,4310,,4,전공,인선
0,23,10563,,4,전공,인선
1,23,10145,,4,전공,인선
0,23,9957,,4,전공,인필
0,23,2505,,4,전공,인선
0,23,10143,,4,전공,인선
6,23,9960,,4,전공,인필
0,23,10111,,4,전공,인선
0,23,10564,,4,전공,인선
0,23,10148,,4,전공,인선
0,23,10566,,4,전공,인선
0,23,7188,,4,전공,인선
0,23,11201,,4,전공,인선
0,23,10570,,4,전공,인선
0,23,9967,,4,전공,인선
0,23,10568,,4,전공,인선
0,23,10146,,4,전공,인선
0,23,10112,,4,전공,인선
0,24,9067,,4,전문교양,인필
0,24,1357,,4,BSM,인필
0,24,2638,,4,BSM,인필
0,24,9912,,4,전공,인필
0,24,9068,,4,전문교양,인필
0,24,11304,,4,전문교양,인필
0,24,3353,,4,BSM,인필
0,24,304,,4,BSM,인필
1,24,9913,,4,전공,인필
3,24,9914,,4,전공,인필
0,24,9952,,4,전공,인필
0,24,10142,,4,전공,인필
0,24,9959,,4,전공,인선
0,24,6237,,4,전공,인선
0,24,3278,,4,전공,인필
0,24,9954,,4,전공,인필
0,24,9961,,4,BSM,인필
1,24,9956,,4,전공,인선
0,24,5636,,4,전공,인선
1,24,11199,,4,전공,인필
1,24,7219,,4,전공,인필
1,24,3281,,4,전공,인선
0,24,4310,,4,전공,인선
0,24,10563,,4,전공,인선
1,24,10145,,4,전공,인선
0,24,9957,,4,전공,인필
0,24,2505,,4,전공,인선
0,24,10143,,4,전공,인선
6,24,9960,,4,전공,인필
0,24,10111,,4,전공,인선
0,24,10564,,4,전공,인선
0,24,10148,,4,전공,인선
0,24,10566,,4,전공,인선
0,24,7188,,4,전공,인선
0,24,11201,,4,전공,인선
0,24,10570,,4,전공,인선
0,24,9967,,4,전공,인선
0,24,10568,,4,전공,인선
0,24,10146,,4,전공,인선
0,24,10112,,4,전공,인선
0,24,11307,,1,전문교양,인선
0,24,11305,,1,전문교양,인선
0,24,11313,,1,전문교양,인선
0,24,11312,,1,전문교양,인선
0,24,11317,,1,전문교양,인선
0,24,11316,,1,전문교양,인선
0,23,11307,,1,전문교양,인선
0,23,11305,,1,전문교양,인선
0,23,11313,,1,전문교양,인선
0,23,11312,,1,전문교양,인선
0,23,11317,,1,전문교양,인선
0,23,11316,,1,전문교양,인선
0,22,11307,,1,전문교양,인선
0,22,11305,,1,전문교양,인선
0,22,11313,,1,전문교양,인선
0,22,11312,,1,전문교양,인선
0,22,11317,,1,전문교양,인선
0,22,11316,,1,전문교양,인선
0,24,11307,,2,전문교양,인선
0,24,11305,,2,전문교양,인선
0,24,11313,,2,전문교양,인선
0,24,11312,,2,전문교양,인선
0,24,11317,,2,전문교양,인선
0,24,11316,,2,전문교양,인선
0,23,9489,,2,전문교양,인선
0,23,8882,,2,전문교양,인선
0,23,11313,,2,전문교양,인선
0,23,11312,,2,전문교양,인선
0,23,7568,,2,전문교양,인선
0,23,8935,,2,전문교양,인선
0,22,9489,,2,전문교양,인선
0,22,8882,,2,전문교양,인선
0,22,11313,,2,전문교양,인선
0,22,11312,,2,전문교양,인선
0,22,7568,,2,전문교양,인선
0,22,8935,,2,전문교양,인선
0,24,11307,,3,전문교양,인선
0,24,11305,,3,전문교양,인선
0,24,11313,,3,전문교양,인선
0,24,11312,,3,전문교양,인선
0,24,11317,,3,전문교양,인선
0,24,11316,,3,전문교양,인선
0,23,11307,,3,전문교양,인선
0,23,11305,,3,전문교양,인선
0,23,11313,,3,전문교양,인선
0,23,11312,,3,전문교양,인선
0,23,11317,,3,전문교양,인선
0,23,11316,,3,전문교양,인선
0,22,11307,,3,전문교양,인선
0,22,11305,,3,전문교양,인선
0,22,11313,,3,전문교양,인선
0,22,11312,,3,전문교양,인선
0,22,11317,,3,전문교양,인선
0,22,11316,,3,전문교양,인선
0,24,11307,,4,전문교양,인선
0,24,11305,,4,전문교양,인선
0,24,11313,,4,전문교양,인선
0,24,11312,,4,전문교양,인선
0,24,11317,,4,전문교양,인선
0,24,11316,,4,전문교양,인선
0,23,11307,,4,전문교양,인선
0,23,11305,,4,전문교양,인선
0,23,11313,,4,전문교양,인선
0,23,11312,,4,전문교양,인선
0,23,11317,,4,전문교양,인선
0,23,11316,,4,전문교양,인선
0,22,11307,,4,전문교양,인선
0,22,11305,,4,전문교양,인선
0,22,11313,,4,전문교양,인선
0,22,11312,,4,전문교양,인선
0,22,11317,,4,전문교양,인선
0,22,11316,,4,전문교양,인선
